MAJ,NOM,MSS,TLL,DAY,KLV,MOL,PRS,ATM
2023-05-08,kerbin,5.2915158e22,1200000,21600,288.15,0.0289644,101325,70000